idx,algo_name,accuracy,auc,true_positives,true_negatives,false_positives,false_negatives,error-rate,retrained,inference_time,training_time,num_train_data
0,MLP-NoRetrain,0.99,0.9864864864864865,126,72,2,0,0.010000000000000009,True,0.000301361083984375,0.3717041015625,800
1,MLP-NoRetrain,0.965,0.9666163304929349,122,71,2,5,0.03500000000000003,True,0.00018286705017089844,9.5367431640625e-07,0
2,MLP-NoRetrain,0.99,0.9919354838709677,122,76,0,2,0.010000000000000009,True,0.0001804828643798828,7.152557373046875e-07,0
3,MLP-NoRetrain,0.99,0.989010989010989,129,69,1,1,0.010000000000000009,True,0.0001804828643798828,9.5367431640625e-07,0
4,MLP-NoRetrain,0.96,0.9579423010079944,132,60,3,5,0.040000000000000036,True,0.0001780986785888672,9.5367431640625e-07,0
5,MLP-NoRetrain,0.98,0.9774700289375775,117,79,3,1,0.020000000000000018,True,0.00018644332885742188,9.5367431640625e-07,0
6,MLP-NoRetrain,0.985,0.9839861281109751,113,84,2,1,0.015000000000000013,True,0.00017905235290527344,7.152557373046875e-07,0
7,MLP-NoRetrain,0.985,0.9797619047619047,139,58,2,1,0.015000000000000013,True,0.000179290771484375,7.152557373046875e-07,0
8,MLP-NoRetrain,0.98,0.9772079772079771,133,63,2,2,0.020000000000000018,True,0.00017786026000976562,9.5367431640625e-07,0
9,MLP-NoRetrain,0.99,0.9890817774866252,128,70,1,1,0.010000000000000009,True,0.0001785755157470703,1.1920928955078125e-06,0
10,MLP-NoRetrain,0.99,0.9891493055555556,127,71,1,1,0.010000000000000009,True,0.0001785755157470703,7.152557373046875e-07,0
11,MLP-NoRetrain,0.98,0.9785499785499786,124,72,2,2,0.020000000000000018,True,0.00017714500427246094,7.152557373046875e-07,0
12,MLP-NoRetrain,0.985,0.9848345588235294,134,63,1,2,0.015000000000000013,True,0.00017690658569335938,7.152557373046875e-07,0
13,MLP-NoRetrain,0.985,0.9873949579831933,116,81,0,3,0.015000000000000013,True,0.00017762184143066406,7.152557373046875e-07,0
14,MLP-NoRetrain,0.99,0.989665150888797,117,81,1,1,0.010000000000000009,True,0.0001766681671142578,7.152557373046875e-07,0
15,MLP-NoRetrain,0.985,0.9834526403153855,118,79,2,1,0.015000000000000013,True,0.0001766681671142578,9.5367431640625e-07,0
16,MLP-NoRetrain,0.99,0.9928057553956835,137,61,0,2,0.010000000000000009,True,0.0001766681671142578,7.152557373046875e-07,0
17,MLP-NoRetrain,0.985,0.9829479463625804,122,75,2,1,0.015000000000000013,True,0.00017762184143066406,9.5367431640625e-07,0
18,MLP-NoRetrain,1.0,1.0,134,66,0,0,0.0,True,0.00017714500427246094,7.152557373046875e-07,0
19,MLP-NoRetrain,0.99,0.989665150888797,117,81,1,1,0.010000000000000009,True,0.00018167495727539062,7.152557373046875e-07,0
20,MLP-NoRetrain,0.995,0.9962962962962962,134,65,0,1,0.0050000000000000044,True,0.00017714500427246094,9.5367431640625e-07,0
21,MLP-NoRetrain,0.985,0.9892857142857143,137,60,0,3,0.015000000000000013,True,0.0001773834228515625,7.152557373046875e-07,0
22,MLP-NoRetrain,0.98,0.9773857982813208,132,64,2,2,0.020000000000000018,True,0.00017881393432617188,9.5367431640625e-07,0
23,MLP-NoRetrain,0.98,0.9813032415090165,128,68,1,3,0.020000000000000018,True,0.0001773834228515625,7.152557373046875e-07,0
24,MLP-NoRetrain,0.985,0.9848345588235294,134,63,1,2,0.015000000000000013,True,0.0001862049102783203,7.152557373046875e-07,0
25,MLP-NoRetrain,0.99,0.9873417721518987,121,77,2,0,0.010000000000000009,True,0.0001773834228515625,7.152557373046875e-07,0
26,MLP-NoRetrain,0.01,0.007751937984496138,0,2,127,71,0.99,True,0.0001761913299560547,7.152557373046875e-07,0
27,MLP-NoRetrain,0.015,0.014835164835164807,1,2,128,69,0.985,True,0.00017714500427246094,7.152557373046875e-07,0
28,MLP-NoRetrain,0.03,0.03342245989304812,3,3,129,65,0.97,True,0.00017786026000976562,9.5367431640625e-07,0
29,MLP-NoRetrain,0.01,0.010666666666666672,1,1,124,74,0.99,True,0.00021505355834960938,9.5367431640625e-07,0
30,MLP-NoRetrain,0.015,0.01999056492510907,2,1,138,59,0.985,True,0.0001804828643798828,9.5367431640625e-07,0
31,MLP-NoRetrain,0.005,0.006172839506172839,1,0,119,80,0.995,True,0.00017571449279785156,9.5367431640625e-07,0
32,MLP-NoRetrain,0.005,0.003968253968253954,0,1,125,74,0.995,True,0.00017642974853515625,7.152557373046875e-07,0
33,MLP-NoRetrain,0.02,0.022614201718679353,2,2,132,64,0.98,True,0.00017571449279785156,7.152557373046875e-07,0
34,MLP-NoRetrain,0.02,0.021117094287825985,2,2,121,75,0.98,True,0.00017571449279785156,7.152557373046875e-07,0
35,MLP-NoRetrain,0.01,0.007299270072992692,0,2,135,63,0.99,True,0.00017762184143066406,7.152557373046875e-07,0
36,MLP-NoRetrain,0.03,0.03275466754012449,3,3,126,68,0.97,True,0.00017499923706054688,7.152557373046875e-07,0
37,MLP-NoRetrain,0.01,0.011396011396011402,1,1,134,64,0.99,True,0.0001785755157470703,7.152557373046875e-07,0
38,MLP-NoRetrain,0.025,0.022500280552126585,1,4,129,66,0.975,True,0.0001766681671142578,9.5367431640625e-07,0
39,MLP-NoRetrain,0.005,0.003676470588235281,0,1,135,64,0.995,True,0.00017786026000976562,7.152557373046875e-07,0
40,MLP-NoRetrain,0.02,0.016260162601625994,0,4,119,77,0.98,True,0.0001811981201171875,7.152557373046875e-07,0
41,MLP-NoRetrain,0.005,0.00641025641025641,1,0,122,77,0.995,True,0.00017571449279785156,7.152557373046875e-07,0
42,MLP-NoRetrain,0.01,0.010374520178441732,1,1,118,80,0.99,True,0.00017547607421875,7.152557373046875e-07,0
43,MLP-NoRetrain,0.025,0.022569444444444444,1,4,124,71,0.975,True,0.00017642974853515625,7.152557373046875e-07,0
44,MLP-NoRetrain,0.035,0.0381691479252455,4,3,120,73,0.965,True,0.00017571449279785156,9.5367431640625e-07,0
45,MLP-NoRetrain,0.0,0.0,0,0,113,87,1.0,True,0.00020051002502441406,9.5367431640625e-07,0
46,MLP-NoRetrain,0.015,0.016666666666666656,1,2,148,49,0.985,True,0.00017452239990234375,7.152557373046875e-07,0
47,MLP-NoRetrain,0.015,0.014835164835164807,1,2,128,69,0.985,True,0.00017571449279785156,7.152557373046875e-07,0
48,MLP-NoRetrain,0.02,0.018670160497870965,1,3,126,70,0.98,True,0.00017642974853515625,9.5367431640625e-07,0
49,MLP-NoRetrain,0.02,0.018663194444444444,1,3,125,71,0.98,True,0.00017690658569335938,9.5367431640625e-07,0
50,MLP-NoRetrain,0.015,0.014606977721731827,1,2,120,77,0.985,True,0.0001780986785888672,9.5367431640625e-07,0
51,MLP-NoRetrain,0.995,0.9939024390243902,118,81,1,0,0.0050000000000000044,True,0.00017714500427246094,7.152557373046875e-07,0
52,MLP-NoRetrain,0.99,0.9886928991406603,133,65,1,1,0.010000000000000009,True,0.00017499923706054688,7.152557373046875e-07,0
53,MLP-NoRetrain,0.99,0.9893333333333334,124,74,1,1,0.010000000000000009,True,0.00017309188842773438,9.5367431640625e-07,0
54,MLP-NoRetrain,0.97,0.9647287239779959,125,69,4,2,0.030000000000000027,True,0.00017333030700683594,7.152557373046875e-07,0
55,MLP-NoRetrain,0.985,0.9881889763779528,124,73,0,3,0.015000000000000013,True,0.00017452239990234375,7.152557373046875e-07,0
56,MLP-NoRetrain,0.98,0.9732193732193731,134,62,3,1,0.020000000000000018,True,0.00018262863159179688,7.152557373046875e-07,0
57,MLP-NoRetrain,0.975,0.9748178650617675,120,75,2,3,0.025000000000000022,True,0.00017547607421875,7.152557373046875e-07,0
58,MLP-NoRetrain,1.0,1.0,138,62,0,0,0.0,True,0.0001747608184814453,7.152557373046875e-07,0
59,MLP-NoRetrain,0.995,0.9935064935064934,123,76,1,0,0.0050000000000000044,True,0.00017762184143066406,7.152557373046875e-07,0
60,MLP-NoRetrain,0.98,0.9792509596431165,117,79,2,2,0.020000000000000018,True,0.00017595291137695312,9.5367431640625e-07,0
61,MLP-NoRetrain,0.96,0.9554367201426025,128,64,4,4,0.040000000000000036,True,0.0001742839813232422,9.5367431640625e-07,0
62,MLP-NoRetrain,0.98,0.9770220588235294,134,62,2,2,0.020000000000000018,True,0.0001761913299560547,7.152557373046875e-07,0
63,MLP-NoRetrain,0.99,0.992,123,75,0,2,0.010000000000000009,True,0.00017571449279785156,7.152557373046875e-07,0
64,MLP-NoRetrain,0.98,0.9848484848484849,128,68,0,4,0.020000000000000018,True,0.0001766681671142578,7.152557373046875e-07,0
65,MLP-NoRetrain,0.985,0.9818681318681319,129,68,2,1,0.015000000000000013,True,0.00018143653869628906,7.152557373046875e-07,0
66,MLP-NoRetrain,0.985,0.9828098471986418,123,74,2,1,0.015000000000000013,True,0.0001761913299560547,7.152557373046875e-07,0
67,MLP-NoRetrain,0.98,0.9755150469205048,126,70,3,1,0.020000000000000018,True,0.00017499923706054688,4.76837158203125e-07,0
68,MLP-NoRetrain,0.995,0.9964788732394366,141,58,0,1,0.0050000000000000044,True,0.0001811981201171875,7.152557373046875e-07,0
69,MLP-NoRetrain,0.97,0.9703296703296703,126,68,2,4,0.030000000000000027,True,0.00017714500427246094,7.152557373046875e-07,0
70,MLP-NoRetrain,0.99,0.9921875,126,72,0,2,0.010000000000000009,True,0.00018525123596191406,9.5367431640625e-07,0
71,MLP-NoRetrain,0.99,0.9923076923076923,128,70,0,2,0.010000000000000009,True,0.00017523765563964844,9.5367431640625e-07,0
72,MLP-NoRetrain,0.985,0.98320954074694,120,77,2,1,0.015000000000000013,True,0.00017714500427246094,9.5367431640625e-07,0
73,MLP-NoRetrain,0.99,0.9918699186991871,121,77,0,2,0.010000000000000009,True,0.0001773834228515625,7.152557373046875e-07,0
74,MLP-NoRetrain,0.98,0.9813333333333334,122,74,1,3,0.020000000000000018,True,0.00017595291137695312,7.152557373046875e-07,0
75,MLP-NoRetrain,0.955,0.9538671710802858,117,74,4,5,0.04500000000000004,True,0.00017642974853515625,7.152557373046875e-07,0
76,MLP-NoRetrain,0.035,0.0381691479252455,4,3,120,73,0.965,True,0.00017714500427246094,7.152557373046875e-07,0
77,MLP-NoRetrain,0.015,0.01691887347625053,2,1,121,76,0.985,True,0.00017571449279785156,7.152557373046875e-07,0
78,MLP-NoRetrain,0.02,0.016393442622950838,0,4,118,78,0.98,True,0.00017571449279785156,7.152557373046875e-07,0
79,MLP-NoRetrain,0.01,0.011793843613633661,1,1,138,60,0.99,True,0.0001785755157470703,9.5367431640625e-07,0
80,MLP-NoRetrain,0.005,0.0038461538461538325,0,1,129,70,0.995,True,0.0001766681671142578,7.152557373046875e-07,0
81,MLP-NoRetrain,0.025,0.026069518716577526,2,3,129,66,0.975,True,0.00017976760864257812,7.152557373046875e-07,0
82,MLP-NoRetrain,0.015,0.012396694214876047,0,3,118,79,0.985,True,0.00017786026000976562,7.152557373046875e-07,0
83,MLP-NoRetrain,0.005,0.004166666666666652,0,1,119,80,0.995,True,0.00017452239990234375,9.5367431640625e-07,0
84,MLP-NoRetrain,0.02,0.02197802197802195,2,2,128,68,0.98,True,0.0001761913299560547,9.5367431640625e-07,0
85,MLP-NoRetrain,0.005,0.006493506493506494,1,0,123,76,0.995,True,0.00017571449279785156,7.152557373046875e-07,0
86,MLP-NoRetrain,0.02,0.016260162601625994,0,4,119,77,0.98,True,0.0001735687255859375,4.76837158203125e-07,0
87,MLP-NoRetrain,0.015,0.014606977721731827,1,2,120,77,0.985,True,0.00017333030700683594,7.152557373046875e-07,0
88,MLP-NoRetrain,0.0,0.0,0,0,128,72,1.0,True,0.0001742839813232422,7.152557373046875e-07,0
89,MLP-NoRetrain,0.01,0.01091822251337483,1,1,128,70,0.99,True,0.0001728534698486328,7.152557373046875e-07,0
90,MLP-NoRetrain,0.03,0.03296703296703298,3,3,127,67,0.97,True,0.00017309188842773438,7.152557373046875e-07,0
91,MLP-NoRetrain,0.03,0.030710558008831795,4,2,104,90,0.97,True,0.00017333030700683594,7.152557373046875e-07,0
92,MLP-NoRetrain,0.005,0.006024096385542169,1,0,117,82,0.995,True,0.00017547607421875,4.76837158203125e-07,0
93,MLP-NoRetrain,0.015,0.018882858435097252,2,1,133,64,0.985,True,0.00017452239990234375,4.76837158203125e-07,0
94,MLP-NoRetrain,0.005,0.003676470588235281,0,1,135,64,0.995,True,0.00017404556274414062,7.152557373046875e-07,0
95,MLP-NoRetrain,0.025,0.025333333333333343,2,3,122,73,0.975,True,0.0001742839813232422,4.76837158203125e-07,0
96,MLP-NoRetrain,0.005,0.004132231404958664,0,1,120,79,0.995,True,0.00017380714416503906,4.76837158203125e-07,0
97,MLP-NoRetrain,0.005,0.003968253968253954,0,1,125,74,0.995,True,0.00017309188842773438,9.5367431640625e-07,0
98,MLP-NoRetrain,0.04,0.03386809269162208,1,7,125,67,0.96,True,0.00017499923706054688,7.152557373046875e-07,0
99,MLP-NoRetrain,0.015,0.015987460815047035,1,2,143,54,0.985,True,0.00017380714416503906,4.76837158203125e-07,0
0,MLP-RetrainWin,0.97,0.9594594594594594,126,68,6,0,0.030000000000000027,True,0.00028395652770996094,0.48386573791503906,800
1,MLP-RetrainWin,0.975,0.9686657318520117,126,69,4,1,0.025000000000000022,True,0.0001735687255859375,0.34255385398864746,1600
2,MLP-RetrainWin,1.0,1.0,124,76,0,0,0.0,True,0.0001804828643798828,0.5167913436889648,2400
3,MLP-RetrainWin,0.995,0.9928571428571429,130,69,1,0,0.0050000000000000044,True,0.00017404556274414062,1.1655471324920654,3200
4,MLP-RetrainWin,0.995,0.9963503649635037,136,63,0,1,0.0050000000000000044,True,0.00017595291137695312,0.84930419921875,4000
5,MLP-RetrainWin,0.985,0.9817073170731707,118,79,3,0,0.015000000000000013,True,0.00017452239990234375,1.1030707359313965,4800
6,MLP-RetrainWin,0.975,0.9737862097103223,112,83,3,2,0.025000000000000022,True,0.00018024444580078125,1.2093255519866943,5600
7,MLP-RetrainWin,0.96,0.9571428571428572,135,57,3,5,0.040000000000000036,True,0.00017595291137695312,0.18728947639465332,5600
8,MLP-RetrainWin,0.7,0.6621082621082621,104,36,29,31,0.30000000000000004,True,0.00017404556274414062,1.348020076751709,5600
9,MLP-RetrainWin,0.99,0.9890817774866252,128,70,1,1,0.010000000000000009,True,0.00017333030700683594,0.18646693229675293,5600
10,MLP-RetrainWin,0.76,0.73046875,107,45,27,21,0.24,True,0.00017309188842773438,1.2640478610992432,5600
11,MLP-RetrainWin,1.0,1.0,126,74,0,0,0.0,True,0.0001742839813232422,1.0454449653625488,5600
12,MLP-RetrainWin,0.975,0.9774816176470589,132,63,1,4,0.025000000000000022,True,0.00017642974853515625,1.5353479385375977,5600
13,MLP-RetrainWin,0.995,0.9938271604938271,119,80,1,0,0.0050000000000000044,True,0.00017547607421875,1.0752108097076416,5600
14,MLP-RetrainWin,0.985,0.9835675899131873,117,80,2,1,0.015000000000000013,True,0.00017452239990234375,1.3651268482208252,5600
15,MLP-RetrainWin,0.98,0.9753086419753086,119,77,4,0,0.020000000000000018,True,0.0001742839813232422,1.756368637084961,5600
16,MLP-RetrainWin,0.995,0.9964028776978417,138,61,0,1,0.0050000000000000044,True,0.00017499923706054688,0.37232136726379395,5600
17,MLP-RetrainWin,0.705,0.6751662971175165,99,42,35,24,0.29500000000000004,True,0.00017452239990234375,1.2667574882507324,5600
18,MLP-RetrainWin,0.98,0.9696969696969697,134,62,4,0,0.020000000000000018,True,0.00017523765563964844,1.3208670616149902,5600
19,MLP-RetrainWin,1.0,1.0,118,82,0,0,0.0,True,0.00017595291137695312,1.863067626953125,5600
20,MLP-RetrainWin,0.99,0.9846153846153847,135,63,2,0,0.010000000000000009,True,0.0001747608184814453,1.6830317974090576,5600
21,MLP-RetrainWin,0.99,0.988095238095238,139,59,1,1,0.010000000000000009,True,0.00023055076599121094,0.8420929908752441,5600
22,MLP-RetrainWin,0.98,0.9735413839891451,133,63,3,1,0.020000000000000018,True,0.0001766681671142578,1.0277435779571533,5600
23,MLP-RetrainWin,0.975,0.9706272817789579,129,66,3,2,0.025000000000000022,True,0.00017452239990234375,1.2307171821594238,5600
24,MLP-RetrainWin,0.965,0.9453125,136,57,7,0,0.03500000000000003,True,0.00017499923706054688,1.4925909042358398,5600
25,MLP-RetrainWin,0.99,0.9895386546709907,120,78,1,1,0.010000000000000009,True,0.00017905235290527344,1.1760423183441162,5600
26,MLP-RetrainWin,0.025,0.02887869854787642,3,2,127,68,0.975,True,0.0001785755157470703,0.46789073944091797,5600
27,MLP-RetrainWin,0.03,0.039560439560439545,5,1,129,65,0.97,True,0.00017595291137695312,1.1203179359436035,5600
28,MLP-RetrainWin,0.035,0.04790552584670232,6,1,131,62,0.965,True,0.0001780986785888672,0.3877267837524414,5600
29,MLP-RetrainWin,0.245,0.20400000000000001,3,46,79,72,0.755,True,0.00017595291137695312,0.9162733554840088,5600
30,MLP-RetrainWin,0.96,0.9344262295081966,53,139,0,8,0.040000000000000036,True,0.00018095970153808594,0.6149919033050537,5600
31,MLP-RetrainWin,0.975,0.9750492789708476,79,116,3,2,0.025000000000000022,True,0.0001766681671142578,0.48965883255004883,5600
32,MLP-RetrainWin,0.735,0.6837194337194337,36,111,15,38,0.265,True,0.00017452239990234375,1.394120454788208,5600
33,MLP-RetrainWin,0.965,0.9661917684305744,64,129,5,2,0.03500000000000003,True,0.00017523765563964844,0.38626861572265625,5600
34,MLP-RetrainWin,0.76,0.753880266075388,56,96,27,21,0.24,True,0.00017595291137695312,1.4417049884796143,5600
35,MLP-RetrainWin,0.99,0.9927007299270073,63,135,2,0,0.010000000000000009,True,0.00017571449279785156,1.0010433197021484,5600
36,MLP-RetrainWin,1.0,1.0,71,129,0,0,0.0,True,0.00017404556274414062,1.1606042385101318,5600
37,MLP-RetrainWin,0.975,0.9655270655270655,61,134,1,4,0.025000000000000022,True,0.0001761913299560547,1.1309404373168945,5600
38,MLP-RetrainWin,0.975,0.9737964313769498,65,130,3,2,0.025000000000000022,True,0.00017547607421875,0.6727011203765869,5600
39,MLP-RetrainWin,0.975,0.9774816176470589,63,132,4,1,0.025000000000000022,True,0.00018072128295898438,0.8349945545196533,5600
40,MLP-RetrainWin,0.955,0.9634146341463415,77,114,9,0,0.04500000000000004,True,0.00018024444580078125,1.3901805877685547,5600
41,MLP-RetrainWin,0.995,0.9959016393442622,78,121,1,0,0.0050000000000000044,True,0.0001747608184814453,1.7808964252471924,5600
42,MLP-RetrainWin,0.995,0.9957983193277311,81,118,1,0,0.0050000000000000044,True,0.00017452239990234375,1.7106289863586426,5600
43,MLP-RetrainWin,0.99,0.9921875,72,126,2,0,0.010000000000000009,True,0.00017571449279785156,1.6367156505584717,5600
44,MLP-RetrainWin,0.985,0.9805194805194806,74,123,0,3,0.015000000000000013,True,0.00017595291137695312,1.8419075012207031,5600
45,MLP-RetrainWin,0.995,0.995575221238938,87,112,1,0,0.0050000000000000044,True,0.00017452239990234375,1.3477058410644531,5600
46,MLP-RetrainWin,0.995,0.99,49,150,0,1,0.0050000000000000044,True,0.00017380714416503906,1.8740410804748535,5600
47,MLP-RetrainWin,0.975,0.970879120879121,67,128,2,3,0.025000000000000022,True,0.00017881393432617188,0.25684213638305664,5600
48,MLP-RetrainWin,0.695,0.6210830876733268,26,113,16,45,0.30500000000000005,True,0.00017499923706054688,0.8693056106567383,5600
49,MLP-RetrainWin,0.955,0.9405381944444444,64,127,1,8,0.04500000000000004,True,0.0001819133758544922,1.0838966369628906,5600
50,MLP-RetrainWin,0.975,0.9725725094577553,75,120,2,3,0.025000000000000022,True,0.00017547607421875,1.466226577758789,5600
51,MLP-RetrainWin,0.015,0.012711864406779662,3,0,82,115,0.985,True,0.0001804828643798828,1.1698834896087646,5600
52,MLP-RetrainWin,0.005,0.007575757575757569,0,1,65,134,0.995,True,0.00018167495727539062,1.4433269500732422,5600
53,MLP-RetrainWin,0.035,0.043999999999999984,1,6,69,124,0.965,True,0.00017547607421875,0.6695692539215088,5600
54,MLP-RetrainWin,0.15,0.2054794520547945,0,30,43,127,0.85,True,0.00017523765563964844,0.8100645542144775,5600
55,MLP-RetrainWin,0.95,0.9315068493150684,127,63,10,0,0.050000000000000044,True,0.00017309188842773438,0.9834229946136475,5600
56,MLP-RetrainWin,0.95,0.927065527065527,134,56,9,1,0.050000000000000044,True,0.0001747608184814453,1.4964964389801025,5600
57,MLP-RetrainWin,0.955,0.9488438390877415,120,71,6,3,0.04500000000000004,True,0.00017547607421875,0.19734907150268555,5600
58,MLP-RetrainWin,0.69,0.5,138,0,62,0,0.31000000000000005,True,0.00017380714416503906,1.0353295803070068,5600
59,MLP-RetrainWin,0.975,0.9675324675324675,123,72,5,0,0.025000000000000022,True,0.00017404556274414062,1.167027473449707,5600
60,MLP-RetrainWin,0.965,0.9567901234567902,119,74,7,0,0.03500000000000003,True,0.00017523765563964844,1.1131441593170166,5600
61,MLP-RetrainWin,0.965,0.9627896613190731,128,65,3,4,0.03500000000000003,True,0.00017499923706054688,0.7604453563690186,5600
62,MLP-RetrainWin,0.95,0.9384191176470589,132,58,6,4,0.050000000000000044,True,0.00017452239990234375,1.3570423126220703,5600
63,MLP-RetrainWin,0.985,0.988,122,75,0,3,0.015000000000000013,True,0.0001766681671142578,1.4167439937591553,5600
64,MLP-RetrainWin,0.98,0.9705882352941176,132,64,4,0,0.020000000000000018,True,0.0001747608184814453,0.3500711917877197,5600
65,MLP-RetrainWin,0.725,0.7159340659340659,97,48,22,33,0.275,True,0.00018095970153808594,0.8181490898132324,5600
66,MLP-RetrainWin,0.995,0.9934210526315789,124,75,1,0,0.0050000000000000044,True,0.00017595291137695312,1.8575177192687988,5600
67,MLP-RetrainWin,0.995,0.9931506849315068,127,72,1,0,0.0050000000000000044,True,0.00017499923706054688,1.1430490016937256,5600
68,MLP-RetrainWin,0.995,0.9913793103448275,142,57,1,0,0.0050000000000000044,True,0.0001842975616455078,1.623213291168213,5600
69,MLP-RetrainWin,0.97,0.967032967032967,127,67,3,3,0.030000000000000027,True,0.0001747608184814453,1.7486612796783447,5600
70,MLP-RetrainWin,0.98,0.9813368055555556,125,71,1,3,0.020000000000000018,True,0.00017523765563964844,1.199568748474121,5600
71,MLP-RetrainWin,0.995,0.9928571428571429,130,69,1,0,0.0050000000000000044,True,0.00017452239990234375,1.356574296951294,5600
72,MLP-RetrainWin,1.0,1.0,121,79,0,0,0.0,True,0.00017690658569335938,2.0511221885681152,5600
73,MLP-RetrainWin,0.985,0.9878048780487805,120,77,0,3,0.015000000000000013,True,0.00017571449279785156,1.1602380275726318,5600
74,MLP-RetrainWin,0.98,0.9813333333333334,122,74,1,3,0.020000000000000018,True,0.00022864341735839844,2.3500378131866455,5600
75,MLP-RetrainWin,0.99,0.989491382934006,121,77,1,1,0.010000000000000009,True,0.00017642974853515625,1.755457878112793,5600
76,MLP-RetrainWin,0.01,0.008130081300812997,0,2,121,77,0.99,True,0.0001761913299560547,1.802358627319336,5600
77,MLP-RetrainWin,0.015,0.014606977721731827,1,2,120,77,0.985,True,0.00017547607421875,1.153315544128418,5600
78,MLP-RetrainWin,0.03,0.029213955443463654,2,4,118,76,0.97,True,0.0001780986785888672,0.452359676361084,5600
79,MLP-RetrainWin,0.27,0.29083618351220664,21,33,106,40,0.73,True,0.00017714500427246094,0.1970531940460205,5600
80,MLP-RetrainWin,0.65,0.5,0,130,0,70,0.35,True,0.00017976760864257812,0.8576507568359375,5600
81,MLP-RetrainWin,0.96,0.9590017825311944,65,127,5,3,0.040000000000000036,True,0.00017404556274414062,0.4096710681915283,5600
82,MLP-RetrainWin,0.985,0.9810126582278481,76,121,0,3,0.015000000000000013,True,0.0001747608184814453,1.2385835647583008,5600
83,MLP-RetrainWin,0.995,0.99375,79,120,0,1,0.0050000000000000044,True,0.0001747608184814453,1.4449138641357422,5600
84,MLP-RetrainWin,0.995,0.9928571428571429,69,130,0,1,0.0050000000000000044,True,0.0001747608184814453,1.5065860748291016,5600
85,MLP-RetrainWin,0.975,0.9796747967479675,77,118,5,0,0.025000000000000022,True,0.00017571449279785156,1.407210350036621,5600
86,MLP-RetrainWin,0.995,0.9935064935064934,76,123,0,1,0.0050000000000000044,True,0.00017452239990234375,1.6608943939208984,5600
87,MLP-RetrainWin,0.98,0.9836065573770492,78,118,4,0,0.020000000000000018,True,0.00017523765563964844,0.2347579002380371,5600
88,MLP-RetrainWin,0.76,0.73046875,45,107,21,27,0.24,True,0.0001742839813232422,0.9445247650146484,5600
89,MLP-RetrainWin,0.99,0.9890817774866252,70,128,1,1,0.010000000000000009,True,0.00017547607421875,0.4705824851989746,5600
90,MLP-RetrainWin,0.975,0.970879120879121,67,128,2,3,0.025000000000000022,True,0.00017499923706054688,1.916057825088501,5600
91,MLP-RetrainWin,0.985,0.9852468887996789,93,104,2,1,0.015000000000000013,True,0.00017523765563964844,0.30376768112182617,5600
92,MLP-RetrainWin,0.75,0.7338070229636494,53,97,20,30,0.25,True,0.00017404556274414062,0.9846570491790771,5600
93,MLP-RetrainWin,0.955,0.9587290818634102,64,127,7,2,0.04500000000000004,True,0.0001742839813232422,1.3662633895874023,5600
94,MLP-RetrainWin,0.98,0.9852941176470588,64,132,4,0,0.020000000000000018,True,0.0001747608184814453,1.0296545028686523,5600
95,MLP-RetrainWin,0.96,0.9466666666666667,67,125,0,8,0.040000000000000036,True,0.0001742839813232422,0.7214007377624512,5600
96,MLP-RetrainWin,0.995,0.9958677685950413,79,120,1,0,0.0050000000000000044,True,0.00017905235290527344,1.435668706893921,5600
97,MLP-RetrainWin,0.995,0.996031746031746,74,125,1,0,0.0050000000000000044,True,0.0001742839813232422,1.5242385864257812,5600
98,MLP-RetrainWin,0.99,0.9888591800356507,67,131,1,1,0.010000000000000009,True,0.00017452239990234375,0.832827091217041,5600
99,MLP-RetrainWin,0.975,0.9658307210031347,52,143,2,3,0.025000000000000022,True,0.00017452239990234375,1.2033512592315674,5600
0,MLP-RetrainOne,0.985,0.9797297297297297,126,71,3,0,0.015000000000000013,True,0.0005085468292236328,0.5266561508178711,800
1,MLP-RetrainOne,0.985,0.982364361988998,126,71,2,1,0.015000000000000013,True,0.00017952919006347656,0.44928503036499023,800
2,MLP-RetrainOne,0.98,0.9787775891341257,122,74,2,2,0.020000000000000018,True,0.00017499923706054688,0.3192563056945801,800
3,MLP-RetrainOne,0.975,0.9642857142857143,130,65,5,0,0.025000000000000022,True,0.0001766681671142578,0.3416304588317871,800
4,MLP-RetrainOne,0.98,0.9768277140539914,135,61,2,2,0.020000000000000018,True,0.00017952919006347656,0.34058189392089844,800
5,MLP-RetrainOne,0.965,0.9573170731707318,118,75,7,0,0.03500000000000003,True,0.00017499923706054688,0.3723125457763672,800
6,MLP-RetrainOne,0.95,0.9432884536923705,113,77,9,1,0.050000000000000044,True,0.00017595291137695312,0.24762272834777832,800
7,MLP-RetrainOne,0.975,0.9630952380952381,139,56,4,1,0.025000000000000022,True,0.00017380714416503906,0.37082719802856445,800
8,MLP-RetrainOne,0.965,0.9581196581196582,132,61,4,3,0.03500000000000003,True,0.00017905235290527344,0.4707810878753662,800
9,MLP-RetrainOne,0.985,0.9788732394366197,129,68,3,0,0.015000000000000013,True,0.0001742839813232422,0.2845427989959717,800
10,MLP-RetrainOne,0.99,0.9921875,126,72,0,2,0.010000000000000009,True,0.0001742839813232422,0.5114054679870605,800
11,MLP-RetrainOne,0.97,0.9622479622479623,125,69,5,1,0.030000000000000027,True,0.00018262863159179688,0.4262542724609375,800
12,MLP-RetrainOne,0.96,0.9581801470588236,131,61,3,5,0.040000000000000036,True,0.0001761913299560547,0.39866137504577637,800
13,MLP-RetrainOne,0.97,0.9669052806307709,117,77,4,2,0.030000000000000027,True,0.00017595291137695312,0.34607958793640137,800
14,MLP-RetrainOne,0.99,0.9878048780487805,118,80,2,0,0.010000000000000009,True,0.0001742839813232422,0.4514918327331543,800
15,MLP-RetrainOne,0.96,0.9585019192862331,115,77,4,4,0.040000000000000036,True,0.00017595291137695312,0.5053346157073975,800
16,MLP-RetrainOne,0.995,0.9964028776978417,138,61,0,1,0.0050000000000000044,True,0.00017547607421875,0.7247054576873779,800
17,MLP-RetrainOne,0.98,0.9764544398690739,122,74,3,1,0.020000000000000018,True,0.0001747608184814453,0.4280688762664795,800
18,MLP-RetrainOne,0.985,0.9772727272727273,134,63,3,0,0.015000000000000013,True,0.00017976760864257812,0.496734619140625,800
19,MLP-RetrainOne,0.995,0.9957627118644068,117,82,0,1,0.0050000000000000044,True,0.00017452239990234375,0.2445063591003418,800
20,MLP-RetrainOne,1.0,1.0,135,65,0,0,0.0,True,0.00017690658569335938,0.33996033668518066,800
21,MLP-RetrainOne,0.99,0.988095238095238,139,59,1,1,0.010000000000000009,True,0.000179290771484375,0.6171033382415771,800
22,MLP-RetrainOne,0.985,0.9811171415649027,133,64,2,1,0.015000000000000013,True,0.00017547607421875,0.2417306900024414,800
23,MLP-RetrainOne,0.97,0.9565217391304348,131,63,6,0,0.030000000000000027,True,0.00017404556274414062,0.4080314636230469,800
24,MLP-RetrainOne,0.985,0.9806985294117647,135,62,2,1,0.015000000000000013,True,0.00017690658569335938,0.3487057685852051,800
25,MLP-RetrainOne,0.985,0.9810126582278481,121,76,3,0,0.015000000000000013,True,0.0001735687255859375,0.37001538276672363,800
26,MLP-RetrainOne,0.025,0.032044983076755115,4,1,128,67,0.975,True,0.00017404556274414062,0.0990908145904541,800
27,MLP-RetrainOne,0.755,0.7126373626373625,40,111,19,30,0.245,True,0.0001747608184814453,0.4426887035369873,800
28,MLP-RetrainOne,0.97,0.9630124777183601,64,130,2,4,0.030000000000000027,True,0.0001766681671142578,0.522672176361084,800
29,MLP-RetrainOne,0.99,0.9893333333333334,74,124,1,1,0.010000000000000009,True,0.0001747608184814453,0.39618492126464844,800
30,MLP-RetrainOne,0.99,0.9836065573770492,59,139,0,2,0.010000000000000009,True,0.00017452239990234375,0.27367591857910156,800
31,MLP-RetrainOne,0.97,0.9688764394646746,78,116,3,3,0.030000000000000027,True,0.00017523765563964844,0.26494669914245605,800
32,MLP-RetrainOne,0.975,0.9801587301587302,74,121,5,0,0.025000000000000022,True,0.0001735687255859375,0.4009284973144531,800
33,MLP-RetrainOne,1.0,1.0,66,134,0,0,0.0,True,0.00017333030700683594,0.2928791046142578,800
34,MLP-RetrainOne,0.96,0.960194277267448,74,118,5,3,0.040000000000000036,True,0.0001747608184814453,0.2946286201477051,800
35,MLP-RetrainOne,0.985,0.9804773490904879,61,136,1,2,0.015000000000000013,True,0.00017404556274414062,0.3765227794647217,800
36,MLP-RetrainOne,0.975,0.9742875859810023,69,126,3,2,0.025000000000000022,True,0.00017499923706054688,0.36609816551208496,800
37,MLP-RetrainOne,0.965,0.9461538461538461,58,135,0,7,0.03500000000000003,True,0.00017547607421875,0.1062307357788086,800
38,MLP-RetrainOne,0.725,0.6821344405790595,37,108,25,30,0.275,True,0.00017404556274414062,0.38248562812805176,800
39,MLP-RetrainOne,0.99,0.9926470588235294,64,134,2,0,0.010000000000000009,True,0.0001766681671142578,0.3130476474761963,800
40,MLP-RetrainOne,0.97,0.975609756097561,77,117,6,0,0.030000000000000027,True,0.0001747608184814453,0.2870965003967285,800
41,MLP-RetrainOne,0.955,0.9608028583438419,77,114,8,1,0.04500000000000004,True,0.0001747608184814453,0.2442948818206787,800
42,MLP-RetrainOne,0.995,0.9957983193277311,81,118,1,0,0.0050000000000000044,True,0.00017452239990234375,0.3477332592010498,800
43,MLP-RetrainOne,0.975,0.9743923611111112,70,125,3,2,0.025000000000000022,True,0.00017905235290527344,0.5465686321258545,800
44,MLP-RetrainOne,0.975,0.9699609333755674,73,122,1,4,0.025000000000000022,True,0.00018906593322753906,0.1185910701751709,800
45,MLP-RetrainOne,0.725,0.7196114332214423,59,86,27,28,0.275,True,0.00017452239990234375,0.5359854698181152,800
46,MLP-RetrainOne,0.99,0.9933333333333334,50,148,2,0,0.010000000000000009,True,0.00017499923706054688,0.3024864196777344,800
47,MLP-RetrainOne,0.975,0.970879120879121,67,128,2,3,0.025000000000000022,True,0.00017452239990234375,0.2952432632446289,800
48,MLP-RetrainOne,0.95,0.9580740255486406,70,120,9,1,0.050000000000000044,True,0.00017499923706054688,0.3244662284851074,800
49,MLP-RetrainOne,0.955,0.9375,63,128,0,9,0.04500000000000004,True,0.000179290771484375,0.38136863708496094,800
50,MLP-RetrainOne,0.975,0.9702606137032367,74,121,1,4,0.025000000000000022,True,0.0001735687255859375,0.4618391990661621,800
51,MLP-RetrainOne,0.015,0.018292682926829285,0,3,79,118,0.985,True,0.00017380714416503906,0.46807003021240234,800
52,MLP-RetrainOne,0.985,0.9888059701492538,131,66,0,3,0.015000000000000013,True,0.00017523765563964844,0.5628030300140381,800
53,MLP-RetrainOne,0.975,0.972,123,72,3,2,0.025000000000000022,True,0.00017499923706054688,0.4321730136871338,800
54,MLP-RetrainOne,0.97,0.9618164167835185,126,68,5,1,0.030000000000000027,True,0.0001761913299560547,0.31461071968078613,800
55,MLP-RetrainOne,0.975,0.9686657318520117,126,69,4,1,0.025000000000000022,True,0.00018167495727539062,0.41887354850769043,800
56,MLP-RetrainOne,0.965,0.9581196581196582,132,61,4,3,0.03500000000000003,True,0.0001742839813232422,0.514847993850708,800
57,MLP-RetrainOne,0.96,0.9553373455812479,120,72,5,3,0.040000000000000036,True,0.0001742839813232422,0.34373950958251953,800
58,MLP-RetrainOne,0.98,0.9766245909303413,136,60,2,2,0.020000000000000018,True,0.00017452239990234375,0.32984137535095215,800
59,MLP-RetrainOne,0.98,0.974025974025974,123,73,4,0,0.020000000000000018,True,0.00017571449279785156,0.1803441047668457,800
60,MLP-RetrainOne,0.95,0.9520697167755992,112,78,3,7,0.050000000000000044,True,0.0001728534698486328,0.43102025985717773,800
61,MLP-RetrainOne,0.965,0.9592245989304812,129,64,4,3,0.03500000000000003,True,0.0001747608184814453,0.4243769645690918,800
62,MLP-RetrainOne,0.97,0.9613970588235294,134,60,4,2,0.030000000000000027,True,0.0001862049102783203,0.1979217529296875,800
63,MLP-RetrainOne,0.985,0.988,122,75,0,3,0.015000000000000013,True,0.00017333030700683594,0.4294912815093994,800
64,MLP-RetrainOne,0.96,0.9696969696969697,124,68,0,8,0.040000000000000036,True,0.00017309188842773438,0.33211684226989746,800
65,MLP-RetrainOne,0.98,0.9813186813186814,127,69,1,3,0.020000000000000018,True,0.0001742839813232422,0.07146382331848145,800
66,MLP-RetrainOne,0.765,0.7442699490662139,103,50,26,21,0.235,True,0.0001728534698486328,0.23604059219360352,800
67,MLP-RetrainOne,0.955,0.9500053931614713,123,68,5,4,0.04500000000000004,True,0.00017404556274414062,0.42874860763549805,800
68,MLP-RetrainOne,0.99,0.9878581835842641,141,57,1,1,0.010000000000000009,True,0.00017595291137695312,0.493788480758667,800
69,MLP-RetrainOne,0.985,0.9818681318681319,129,68,2,1,0.015000000000000013,True,0.0001742839813232422,0.48382115364074707,800
70,MLP-RetrainOne,0.995,0.9930555555555556,128,71,1,0,0.0050000000000000044,True,0.00017404556274414062,0.36995434761047363,800
71,MLP-RetrainOne,1.0,1.0,130,70,0,0,0.0,True,0.00017905235290527344,0.4558846950531006,800
72,MLP-RetrainOne,0.99,0.9873417721518987,121,77,2,0,0.010000000000000009,True,0.0001742839813232422,0.38479065895080566,800
73,MLP-RetrainOne,0.985,0.9878048780487805,120,77,0,3,0.015000000000000013,True,0.0001747608184814453,0.28708624839782715,800
74,MLP-RetrainOne,0.975,0.9773333333333333,121,74,1,4,0.025000000000000022,True,0.00017523765563964844,0.4716224670410156,800
75,MLP-RetrainOne,0.955,0.9538671710802858,117,74,4,5,0.04500000000000004,True,0.00017523765563964844,0.3213193416595459,800
76,MLP-RetrainOne,0.025,0.030039066624432502,4,1,122,73,0.975,True,0.00017571449279785156,0.3357713222503662,800
77,MLP-RetrainOne,0.985,0.9853930222782682,77,120,2,1,0.015000000000000013,True,0.00017595291137695312,0.4824368953704834,800
78,MLP-RetrainOne,0.98,0.9743589743589743,74,122,0,4,0.020000000000000018,True,0.00017404556274414062,0.3717234134674072,800
79,MLP-RetrainOne,0.98,0.9764123127727325,59,137,2,2,0.020000000000000018,True,0.0001747608184814453,0.057875633239746094,800
80,MLP-RetrainOne,0.71,0.6681318681318682,37,105,25,33,0.29000000000000004,True,0.00017881393432617188,0.31711554527282715,800
81,MLP-RetrainOne,0.96,0.9590017825311944,65,127,5,3,0.040000000000000036,True,0.0002186298370361328,0.3240475654602051,800
82,MLP-RetrainOne,0.975,0.9771419604561147,78,117,4,1,0.025000000000000022,True,0.00017714500427246094,0.43053221702575684,800
83,MLP-RetrainOne,0.995,0.9958333333333333,80,119,1,0,0.0050000000000000044,True,0.00017714500427246094,0.46825695037841797,800
84,MLP-RetrainOne,0.965,0.9532967032967032,64,129,1,6,0.03500000000000003,True,0.00017786026000976562,0.3882129192352295,800
85,MLP-RetrainOne,0.985,0.9853764122056805,76,121,2,1,0.015000000000000013,True,0.00017452239990234375,0.2894597053527832,800
86,MLP-RetrainOne,0.985,0.9805194805194806,74,123,0,3,0.015000000000000013,True,0.00017833709716796875,0.49590206146240234,800
87,MLP-RetrainOne,0.98,0.9789827658680118,76,120,2,2,0.020000000000000018,True,0.0001766681671142578,0.33957362174987793,800
88,MLP-RetrainOne,1.0,1.0,72,128,0,0,0.0,True,0.0001761913299560547,0.4175379276275635,800
89,MLP-RetrainOne,0.99,0.9890817774866252,70,128,1,1,0.010000000000000009,True,0.00017523765563964844,0.2178194522857666,800
90,MLP-RetrainOne,0.97,0.967032967032967,67,127,3,3,0.030000000000000027,True,0.00017499923706054688,0.35480403900146484,800
91,MLP-RetrainOne,0.975,0.9746085909273384,91,104,2,3,0.025000000000000022,True,0.00017380714416503906,0.10090208053588867,800
92,MLP-RetrainOne,0.715,0.6951395324889301,48,95,22,35,0.28500000000000003,True,0.00017309188842773438,0.42052793502807617,800
93,MLP-RetrainOne,0.98,0.9773857982813207,64,132,2,2,0.020000000000000018,True,0.00017452239990234375,0.5370848178863525,800
94,MLP-RetrainOne,0.985,0.988970588235294,64,133,3,0,0.015000000000000013,True,0.00017547607421875,0.24583768844604492,800
95,MLP-RetrainOne,0.96,0.9573333333333334,71,121,4,4,0.040000000000000036,True,0.00017380714416503906,0.2577996253967285,800
96,MLP-RetrainOne,0.98,0.9812741918610733,78,118,3,1,0.020000000000000018,True,0.00018215179443359375,0.12145853042602539,800
97,MLP-RetrainOne,0.72,0.6857571857571857,41,103,23,33,0.28,True,0.00017380714416503906,0.3566749095916748,800
98,MLP-RetrainOne,0.97,0.9701426024955437,66,128,4,2,0.030000000000000027,True,0.0001761913299560547,0.06624865531921387,800
99,MLP-RetrainOne,0.765,0.6799373040752351,27,126,19,28,0.235,True,0.00018143653869628906,0.06139492988586426,800
0,MLP-Matchmaker,0.975,0.9717932217932218,124,71,3,2,0.025000000000000022,True,0.001506805419921875,0.37421631813049316,800
1,MLP-Matchmaker,0.955,0.9558300075504262,121,70,3,6,0.04500000000000004,True,0.0015311241149902344,0.17455768585205078,1600
2,MLP-Matchmaker,0.98,0.9787775891341257,122,74,2,2,0.020000000000000018,True,0.001970529556274414,0.4165985584259033,2400
3,MLP-Matchmaker,0.975,0.9642857142857143,130,65,5,0,0.025000000000000022,True,0.0017244815826416016,0.6546039581298828,3200
4,MLP-Matchmaker,0.985,0.9847642219904995,135,62,1,2,0.015000000000000013,True,0.0018241405487060547,0.339341402053833,4000
5,MLP-Matchmaker,0.99,0.989665150888797,117,81,1,1,0.010000000000000009,True,0.00197601318359375,0.36416053771972656,4800
6,MLP-Matchmaker,0.96,0.9563443492452061,112,80,6,2,0.040000000000000036,True,0.0020704269409179688,0.3711888790130615,5600
7,MLP-Matchmaker,0.99,0.988095238095238,139,59,1,1,0.010000000000000009,True,0.002223968505859375,0.4711427688598633,5600
8,MLP-Matchmaker,0.99,0.9886039886039886,134,64,1,1,0.010000000000000009,True,0.0021877288818359375,0.45819616317749023,5600
9,MLP-Matchmaker,0.99,0.9890817774866252,128,70,1,1,0.010000000000000009,True,0.002173900604248047,0.5135977268218994,5600
10,MLP-Matchmaker,0.99,0.9921875,126,72,0,2,0.010000000000000009,True,0.0021920204162597656,0.4534180164337158,5600
11,MLP-Matchmaker,0.98,0.9757614757614758,125,71,3,1,0.020000000000000018,True,0.0022230148315429688,0.5804300308227539,5600
12,MLP-Matchmaker,0.985,0.9848345588235294,134,63,1,2,0.015000000000000013,True,0.0022525787353515625,0.43883562088012695,5600
13,MLP-Matchmaker,0.99,0.9915966386554622,117,81,0,2,0.010000000000000009,True,0.002182483673095703,0.4955623149871826,5600
14,MLP-Matchmaker,0.98,0.975609756097561,118,78,4,0,0.020000000000000018,True,0.002197742462158203,0.2843501567840576,5600
15,MLP-Matchmaker,0.96,0.9585019192862331,115,77,4,4,0.040000000000000036,True,0.002150297164916992,0.35047364234924316,5600
16,MLP-Matchmaker,0.99,0.9928057553956835,137,61,0,2,0.010000000000000009,True,0.0021545886993408203,0.44473814964294434,5600
17,MLP-Matchmaker,0.975,0.9748178650617675,120,75,2,3,0.025000000000000022,True,0.0021855831146240234,0.38042688369750977,5600
18,MLP-Matchmaker,0.995,0.9924242424242424,134,65,1,0,0.0050000000000000044,True,0.002195119857788086,0.3248617649078369,5600
19,MLP-Matchmaker,1.0,1.0,118,82,0,0,0.0,True,0.002138376235961914,0.5467689037322998,5600
20,MLP-Matchmaker,1.0,1.0,135,65,0,0,0.0,True,0.0021800994873046875,0.14005303382873535,5600
21,MLP-Matchmaker,1.0,1.0,140,60,0,0,0.0,True,0.002200603485107422,0.24279236793518066,5600
22,MLP-Matchmaker,0.99,0.9848484848484849,134,64,2,0,0.010000000000000009,True,0.0021514892578125,0.15016388893127441,5600
23,MLP-Matchmaker,0.995,0.9927536231884059,131,68,1,0,0.0050000000000000044,True,0.0021202564239501953,0.1674361228942871,5600
24,MLP-Matchmaker,0.99,0.9926470588235294,134,64,0,2,0.010000000000000009,True,0.0021576881408691406,0.4127504825592041,5600
25,MLP-Matchmaker,0.99,0.9873417721518987,121,77,2,0,0.010000000000000009,True,0.002183675765991211,0.42218470573425293,5600
26,MLP-Matchmaker,0.01,0.014084507042253521,2,0,129,69,0.99,True,0.0021390914916992188,0.4494190216064453,5600
27,MLP-Matchmaker,0.015,0.018131868131868116,2,1,129,68,0.985,True,0.002216339111328125,0.19810223579406738,5600
28,MLP-Matchmaker,0.97,0.966577540106952,65,129,3,3,0.030000000000000027,True,0.002171754837036133,0.5574886798858643,5600
29,MLP-Matchmaker,0.985,0.9853333333333334,74,123,2,1,0.015000000000000013,True,0.0021703243255615234,0.4490315914154053,5600
30,MLP-Matchmaker,0.975,0.959016393442623,56,139,0,5,0.025000000000000022,True,0.002191305160522461,0.5917797088623047,5600
31,MLP-Matchmaker,0.975,0.9770204378047515,80,115,4,1,0.025000000000000022,True,0.002208709716796875,0.5073690414428711,5600
32,MLP-Matchmaker,0.985,0.988095238095238,74,123,3,0,0.015000000000000013,True,0.002281665802001953,0.4276762008666992,5600
33,MLP-Matchmaker,0.985,0.9888059701492538,66,131,3,0,0.015000000000000013,True,0.0022156238555908203,0.4890875816345215,5600
34,MLP-Matchmaker,0.97,0.9658958927251611,73,121,2,4,0.030000000000000027,True,0.0022194385528564453,0.569904088973999,5600
35,MLP-Matchmaker,0.98,0.9854014598540146,63,133,4,0,0.020000000000000018,True,0.0022149085998535156,0.6296956539154053,5600
36,MLP-Matchmaker,0.98,0.9781635549732504,69,127,2,2,0.020000000000000018,True,0.002220630645751953,0.5511481761932373,5600
37,MLP-Matchmaker,0.98,0.9732193732193734,62,134,1,3,0.020000000000000018,True,0.002213716506958008,0.45962071418762207,5600
38,MLP-Matchmaker,0.975,0.9774997194478734,66,129,4,1,0.025000000000000022,True,0.0021784305572509766,0.40999865531921387,5600
39,MLP-Matchmaker,0.985,0.9848345588235294,63,134,2,1,0.015000000000000013,True,0.0022039413452148438,0.47513747215270996,5600
40,MLP-Matchmaker,0.98,0.9813113715552739,76,120,3,1,0.020000000000000018,True,0.0021669864654541016,0.3492608070373535,5600
41,MLP-Matchmaker,0.995,0.9935897435897436,77,122,0,1,0.0050000000000000044,True,0.002172708511352539,0.45804667472839355,5600
42,MLP-Matchmaker,0.995,0.9938271604938271,80,119,0,1,0.0050000000000000044,True,0.0021829605102539062,0.43181443214416504,5600
43,MLP-Matchmaker,0.98,0.9722222222222222,68,128,0,4,0.020000000000000018,True,0.0021512508392333984,0.4485135078430176,5600
44,MLP-Matchmaker,0.975,0.9699609333755674,73,122,1,4,0.025000000000000022,True,0.0022246837615966797,0.5612566471099854,5600
45,MLP-Matchmaker,0.99,0.9911504424778761,87,111,2,0,0.010000000000000009,True,0.002150297164916992,0.5026118755340576,5600
46,MLP-Matchmaker,0.995,0.9966666666666666,50,149,1,0,0.0050000000000000044,True,0.0021741390228271484,0.35981225967407227,5600
47,MLP-Matchmaker,0.995,0.9928571428571429,69,130,0,1,0.0050000000000000044,True,0.002163410186767578,0.6410338878631592,5600
48,MLP-Matchmaker,0.99,0.9890817774866252,70,128,1,1,0.010000000000000009,True,0.002209186553955078,0.41994452476501465,5600
49,MLP-Matchmaker,0.975,0.9713541666666667,69,126,2,3,0.025000000000000022,True,0.0021696090698242188,0.4863460063934326,5600
50,MLP-Matchmaker,0.995,0.9935897435897436,77,122,0,1,0.0050000000000000044,True,0.0021719932556152344,0.4515082836151123,5600
51,MLP-Matchmaker,0.015,0.016432410086812742,1,2,80,117,0.985,True,0.0021944046020507812,0.4649999141693115,5600
52,MLP-Matchmaker,0.005,0.0037313432835820895,1,0,66,133,0.995,True,0.002234935760498047,0.5174055099487305,5600
53,MLP-Matchmaker,0.03,0.03466666666666667,2,4,71,123,0.97,True,0.002203226089477539,0.6518502235412598,5600
54,MLP-Matchmaker,0.985,0.9794520547945206,127,70,3,0,0.015000000000000013,True,0.0022356510162353516,0.36402082443237305,5600
55,MLP-Matchmaker,0.985,0.982364361988998,126,71,2,1,0.015000000000000013,True,0.0022575855255126953,0.4841487407684326,5600
56,MLP-Matchmaker,0.98,0.9692307692307692,135,61,4,0,0.020000000000000018,True,0.0022377967834472656,0.3393113613128662,5600
57,MLP-Matchmaker,0.99,0.9894414528560869,122,76,1,1,0.010000000000000009,True,0.002187967300415039,0.5092298984527588,5600
58,MLP-Matchmaker,0.99,0.9838709677419355,138,60,2,0,0.010000000000000009,True,0.0021622180938720703,0.4073829650878906,5600
59,MLP-Matchmaker,0.985,0.9805194805194805,123,74,3,0,0.015000000000000013,True,0.0021796226501464844,0.1420450210571289,5600
60,MLP-Matchmaker,0.985,0.9814814814814815,119,78,3,0,0.015000000000000013,True,0.0021600723266601562,0.5525202751159668,5600
61,MLP-Matchmaker,0.98,0.9705882352941176,132,64,4,0,0.020000000000000018,True,0.0021820068359375,0.5208115577697754,5600
62,MLP-Matchmaker,0.995,0.9921875,136,63,1,0,0.0050000000000000044,True,0.002189159393310547,0.6327157020568848,5600
63,MLP-Matchmaker,1.0,1.0,125,75,0,0,0.0,True,0.0021436214447021484,0.3820993900299072,5600
64,MLP-Matchmaker,1.0,1.0,132,68,0,0,0.0,True,0.0021653175354003906,0.5319948196411133,5600
65,MLP-Matchmaker,0.985,0.9785714285714286,130,67,3,0,0.015000000000000013,True,0.0022039413452148438,0.5493273735046387,5600
66,MLP-Matchmaker,0.995,0.9934210526315789,124,75,1,0,0.0050000000000000044,True,0.002159595489501953,0.40299487113952637,5600
67,MLP-Matchmaker,0.985,0.982364361988998,126,71,2,1,0.015000000000000013,True,0.002146005630493164,0.1373598575592041,5600
68,MLP-Matchmaker,0.995,0.9913793103448275,142,57,1,0,0.0050000000000000044,True,0.0021250247955322266,0.4848823547363281,5600
69,MLP-Matchmaker,0.995,0.9928571428571429,130,69,1,0,0.0050000000000000044,True,0.0021848678588867188,0.42929601669311523,5600
70,MLP-Matchmaker,0.995,0.99609375,127,72,0,1,0.0050000000000000044,True,0.002164602279663086,0.5828192234039307,5600
71,MLP-Matchmaker,1.0,1.0,130,70,0,0,0.0,True,0.0021941661834716797,0.2026979923248291,5600
72,MLP-Matchmaker,0.985,0.9810126582278481,121,76,3,0,0.015000000000000013,True,0.002180337905883789,0.42040538787841797,5600
73,MLP-Matchmaker,0.995,0.9935064935064934,123,76,1,0,0.0050000000000000044,True,0.0021407604217529297,0.4117870330810547,5600
74,MLP-Matchmaker,0.98,0.9733333333333333,125,71,4,0,0.020000000000000018,True,0.002163410186767578,0.41086697578430176,5600
75,MLP-Matchmaker,0.97,0.9638503572929802,121,73,5,1,0.030000000000000027,True,0.0021774768829345703,0.3486950397491455,5600
76,MLP-Matchmaker,0.015,0.01948051948051948,3,0,123,74,0.985,True,0.0021386146545410156,0.43245911598205566,5600
77,MLP-Matchmaker,0.01,0.008196721311475419,0,2,120,78,0.99,True,0.002245664596557617,0.43459343910217285,5600
78,MLP-Matchmaker,0.02,0.016393442622950838,0,4,118,78,0.98,True,0.0022373199462890625,0.3422815799713135,5600
79,MLP-Matchmaker,0.985,0.980009435074891,59,138,1,2,0.015000000000000013,True,0.002193927764892578,0.4825572967529297,5600
80,MLP-Matchmaker,0.99,0.9857142857142858,68,130,0,2,0.010000000000000009,True,0.002234220504760742,0.14540505409240723,5600
81,MLP-Matchmaker,0.98,0.9705882352941176,64,132,0,4,0.020000000000000018,True,0.0022437572479248047,0.5571436882019043,5600
82,MLP-Matchmaker,0.995,0.9936708860759493,78,121,0,1,0.0050000000000000044,True,0.002253293991088867,0.43999218940734863,5600
83,MLP-Matchmaker,0.99,0.9895833333333334,79,119,1,1,0.010000000000000009,True,0.002221822738647461,0.6372654438018799,5600
84,MLP-Matchmaker,0.995,0.9928571428571429,69,130,0,1,0.0050000000000000044,True,0.0021886825561523438,0.17287755012512207,5600
85,MLP-Matchmaker,0.975,0.9699609333755674,73,122,1,4,0.025000000000000022,True,0.002100229263305664,0.473970890045166,5600
86,MLP-Matchmaker,0.99,0.9894414528560869,76,122,1,1,0.010000000000000009,True,0.0021467208862304688,0.6139731407165527,5600
87,MLP-Matchmaker,0.985,0.9877049180327868,78,119,3,0,0.015000000000000013,True,0.0021665096282958984,0.3909788131713867,5600
88,MLP-Matchmaker,0.985,0.9791666666666667,69,128,0,3,0.015000000000000013,True,0.0021915435791015625,0.34149646759033203,5600
89,MLP-Matchmaker,0.985,0.9852058084943771,70,127,2,1,0.015000000000000013,True,0.002193927764892578,0.393172025680542,5600
90,MLP-Matchmaker,0.975,0.9642857142857143,65,130,0,5,0.025000000000000022,True,0.0021674633026123047,0.357468843460083,5600
91,MLP-Matchmaker,0.98,0.9805299076676035,93,103,3,1,0.020000000000000018,True,0.002177000045776367,0.4585721492767334,5600
92,MLP-Matchmaker,0.99,0.9879518072289157,81,117,0,2,0.010000000000000009,True,0.0021886825561523438,0.4820106029510498,5600
93,MLP-Matchmaker,0.99,0.9886928991406604,65,133,1,1,0.010000000000000009,True,0.00215911865234375,0.44704222679138184,5600
94,MLP-Matchmaker,0.995,0.9921875,63,136,0,1,0.0050000000000000044,True,0.0021686553955078125,0.6307451725006104,5600
95,MLP-Matchmaker,0.995,0.9933333333333334,74,125,0,1,0.0050000000000000044,True,0.00213623046875,0.3900468349456787,5600
96,MLP-Matchmaker,1.0,1.0,79,121,0,0,0.0,True,0.002166748046875,0.363452672958374,5600
97,MLP-Matchmaker,1.0,1.0,74,126,0,0,0.0,True,0.002196073532104492,0.16721820831298828,5600
98,MLP-Matchmaker,0.995,0.9926470588235294,67,132,0,1,0.0050000000000000044,True,0.0022127628326416016,0.16060972213745117,5600
99,MLP-Matchmaker,0.99,0.9818181818181818,53,145,0,2,0.010000000000000009,True,0.0022118091583251953,0.36184072494506836,5600
0,MLP-AUE,0.98,0.9757614757614758,125,71,3,1,0.020000000000000018,True,0.0006101131439208984,2.7550048828125,800
1,MLP-AUE,0.96,0.9597670154244419,122,70,3,5,0.040000000000000036,True,0.0004570484161376953,3.2450764179229736,800
2,MLP-AUE,0.99,0.9919354838709677,122,76,0,2,0.010000000000000009,True,0.0007493495941162109,2.6585042476654053,800
3,MLP-AUE,0.995,0.9928571428571429,130,69,1,0,0.0050000000000000044,True,0.0010309219360351562,3.0881407260894775,800
4,MLP-AUE,0.985,0.9804773490904879,136,61,2,1,0.015000000000000013,True,0.0012738704681396484,3.7883222103118896,800
5,MLP-AUE,0.975,0.9695121951219512,118,77,5,0,0.025000000000000022,True,0.0011904239654541016,2.7563486099243164,800
6,MLP-AUE,0.985,0.9825581395348838,114,83,3,0,0.015000000000000013,True,0.0011894702911376953,2.8081042766571045,800
7,MLP-AUE,0.995,0.9916666666666666,140,59,1,0,0.0050000000000000044,True,0.0011773109436035156,3.298604965209961,800
8,MLP-AUE,0.995,0.9923076923076923,135,64,1,0,0.0050000000000000044,True,0.001190185546875,3.434718370437622,800
9,MLP-AUE,0.995,0.9961240310077519,128,71,0,1,0.0050000000000000044,True,0.0011813640594482422,2.8149940967559814,800
10,MLP-AUE,0.99,0.9891493055555556,127,71,1,1,0.010000000000000009,True,0.001178741455078125,3.3589329719543457,800
11,MLP-AUE,0.985,0.9825182325182326,125,72,2,1,0.015000000000000013,True,0.0011873245239257812,4.18390417098999,800
12,MLP-AUE,0.995,0.9921875,136,63,1,0,0.0050000000000000044,True,0.0011761188507080078,3.4153144359588623,800
13,MLP-AUE,1.0,1.0,119,81,0,0,0.0,True,0.0012583732604980469,3.303476333618164,800
14,MLP-AUE,0.99,0.9878048780487805,118,80,2,0,0.010000000000000009,True,0.0011959075927734375,3.953042507171631,800
15,MLP-AUE,0.985,0.9814814814814815,119,78,3,0,0.015000000000000013,True,0.0011777877807617188,2.8026938438415527,800
16,MLP-AUE,1.0,1.0,139,61,0,0,0.0,True,0.0011851787567138672,2.668452739715576,800
17,MLP-AUE,0.985,0.9829479463625804,122,75,2,1,0.015000000000000013,True,0.0011854171752929688,3.158022165298462,800
18,MLP-AUE,1.0,1.0,134,66,0,0,0.0,True,0.0011851787567138672,3.7187445163726807,800
19,MLP-AUE,1.0,1.0,118,82,0,0,0.0,True,0.0011882781982421875,3.1338133811950684,800
20,MLP-AUE,0.99,0.9846153846153847,135,63,2,0,0.010000000000000009,True,0.0011882781982421875,3.5305349826812744,800
21,MLP-AUE,1.0,1.0,140,60,0,0,0.0,True,0.001188039779663086,3.737443447113037,800
22,MLP-AUE,0.985,0.9849615558570782,132,65,1,2,0.015000000000000013,True,0.0012636184692382812,2.9397478103637695,800
23,MLP-AUE,0.99,0.9855072463768115,131,67,2,0,0.010000000000000009,True,0.0011911392211914062,3.026519536972046,800
24,MLP-AUE,0.99,0.9885110294117647,135,63,1,1,0.010000000000000009,True,0.0011806488037109375,3.397981882095337,800
25,MLP-AUE,0.985,0.98320954074694,120,77,2,1,0.015000000000000013,True,0.0011835098266601562,3.3576459884643555,800
26,MLP-AUE,0.02,0.02500272955562835,3,1,128,68,0.98,True,0.0011806488037109375,2.5158188343048096,800
27,MLP-AUE,0.0,0.0,0,0,130,70,1.0,True,0.001176595687866211,2.476377010345459,800
28,MLP-AUE,0.91,0.8997326203208557,59,123,9,9,0.08999999999999997,True,0.001192331314086914,3.2570502758026123,800
29,MLP-AUE,0.99,0.992,75,123,2,0,0.010000000000000009,True,0.0011839866638183594,3.794182300567627,800
30,MLP-AUE,0.98,0.9672131147540983,57,139,0,4,0.020000000000000018,True,0.001186370849609375,3.022820472717285,800
31,MLP-AUE,0.98,0.9792509596431164,79,117,2,2,0.020000000000000018,True,0.0011823177337646484,2.8213815689086914,800
32,MLP-AUE,1.0,1.0,74,126,0,0,0.0,True,0.0012557506561279297,3.2354342937469482,800
33,MLP-AUE,0.995,0.9962686567164178,66,133,1,0,0.0050000000000000044,True,0.001203775405883789,3.279693841934204,800
34,MLP-AUE,0.995,0.9935064935064934,76,123,0,1,0.0050000000000000044,True,0.0011904239654541016,2.8838555812835693,800
35,MLP-AUE,0.995,0.9963503649635037,63,136,1,0,0.0050000000000000044,True,0.0011970996856689453,4.16447114944458,800
36,MLP-AUE,0.985,0.9788732394366197,68,129,0,3,0.015000000000000013,True,0.001188516616821289,3.248945713043213,800
37,MLP-AUE,0.995,0.9923076923076923,64,135,0,1,0.0050000000000000044,True,0.001177072525024414,2.8119027614593506,800
38,MLP-AUE,0.995,0.9962406015037594,67,132,1,0,0.0050000000000000044,True,0.0011839866638183594,3.585118532180786,800
39,MLP-AUE,1.0,1.0,64,136,0,0,0.0,True,0.0012090206146240234,3.5015056133270264,800
40,MLP-AUE,0.99,0.9918699186991871,77,121,2,0,0.010000000000000009,True,0.0011925697326660156,2.819345474243164,800
41,MLP-AUE,0.995,0.9959016393442622,78,121,1,0,0.0050000000000000044,True,0.0012786388397216797,3.1211493015289307,800
42,MLP-AUE,0.99,0.9896254798215582,80,118,1,1,0.010000000000000009,True,0.0011973381042480469,3.310694694519043,800
43,MLP-AUE,1.0,1.0,72,128,0,0,0.0,True,0.0012049674987792969,2.677757740020752,800
44,MLP-AUE,0.975,0.9699609333755674,73,122,1,4,0.025000000000000022,True,0.001191854476928711,3.334486484527588,800
45,MLP-AUE,1.0,1.0,87,113,0,0,0.0,True,0.0011768341064453125,3.1340038776397705,800
46,MLP-AUE,1.0,1.0,50,150,0,0,0.0,True,0.0011866092681884766,3.1639325618743896,800
47,MLP-AUE,0.99,0.9857142857142858,68,130,0,2,0.010000000000000009,True,0.0011904239654541016,3.487062454223633,800
48,MLP-AUE,0.985,0.9852058084943771,70,127,2,1,0.015000000000000013,True,0.0011718273162841797,3.3875410556793213,800
49,MLP-AUE,0.985,0.9852430555555556,71,126,2,1,0.015000000000000013,True,0.0011980533599853516,3.88757586479187,800
50,MLP-AUE,0.995,0.9959016393442622,78,121,1,0,0.0050000000000000044,True,0.0012667179107666016,2.9575741291046143,800
51,MLP-AUE,0.01,0.012195121951219523,0,2,80,118,0.99,True,0.0012087821960449219,2.3886771202087402,800
52,MLP-AUE,0.0,0.0,0,0,66,134,1.0,True,0.001184701919555664,3.2783010005950928,800
53,MLP-AUE,0.95,0.944,121,69,6,4,0.050000000000000044,True,0.0011835098266601562,3.3297200202941895,800
54,MLP-AUE,0.98,0.9784273541149822,125,71,2,2,0.020000000000000018,True,0.0011942386627197266,2.8414125442504883,800
55,MLP-AUE,0.99,0.9892136770574911,126,72,1,1,0.010000000000000009,True,0.0011830329895019531,3.0866994857788086,800
56,MLP-AUE,0.97,0.9658119658119658,132,62,3,3,0.030000000000000027,True,0.0012011528015136719,2.7137293815612793,800
57,MLP-AUE,0.99,0.9894414528560869,122,76,1,1,0.010000000000000009,True,0.0011892318725585938,3.1580698490142822,800
58,MLP-AUE,0.99,0.9838709677419355,138,60,2,0,0.010000000000000009,True,0.0011873245239257812,3.4909307956695557,800
59,MLP-AUE,0.985,0.9805194805194805,123,74,3,0,0.015000000000000013,True,0.0011889934539794922,2.7315738201141357,800
60,MLP-AUE,0.99,0.9876543209876543,119,79,2,0,0.010000000000000009,True,0.001262664794921875,3.058715343475342,800
61,MLP-AUE,0.975,0.9703654188948307,130,65,3,2,0.025000000000000022,True,0.001199483871459961,3.7514383792877197,800
62,MLP-AUE,0.99,0.9926470588235294,134,64,0,2,0.010000000000000009,True,0.0011801719665527344,3.3404409885406494,800
63,MLP-AUE,1.0,1.0,125,75,0,0,0.0,True,0.0011930465698242188,3.3711273670196533,800
64,MLP-AUE,0.985,0.9886363636363636,129,68,0,3,0.015000000000000013,True,0.001194000244140625,2.2864503860473633,800
65,MLP-AUE,0.985,0.9785714285714286,130,67,3,0,0.015000000000000013,True,0.001190185546875,2.521942615509033,800
66,MLP-AUE,0.995,0.9959677419354839,123,76,0,1,0.0050000000000000044,True,0.0011792182922363281,3.572988986968994,800
67,MLP-AUE,0.995,0.9931506849315068,127,72,1,0,0.0050000000000000044,True,0.001188516616821289,3.3267505168914795,800
68,MLP-AUE,1.0,1.0,142,58,0,0,0.0,True,0.0011882781982421875,2.6963627338409424,800
69,MLP-AUE,1.0,1.0,130,70,0,0,0.0,True,0.00118255615234375,3.607487916946411,800
70,MLP-AUE,0.995,0.99609375,127,72,0,1,0.0050000000000000044,True,0.001257181167602539,4.0122175216674805,800
71,MLP-AUE,1.0,1.0,130,70,0,0,0.0,True,0.0012180805206298828,3.2178876399993896,800
72,MLP-AUE,1.0,1.0,121,79,0,0,0.0,True,0.0011935234069824219,4.128112316131592,800
73,MLP-AUE,0.995,0.9959349593495934,122,77,0,1,0.0050000000000000044,True,0.0011832714080810547,3.0769803524017334,800
74,MLP-AUE,1.0,1.0,125,75,0,0,0.0,True,0.0011782646179199219,3.2574243545532227,800
75,MLP-AUE,1.0,1.0,122,78,0,0,0.0,True,0.001180887222290039,3.6116209030151367,800
76,MLP-AUE,0.02,0.018688628444726015,1,3,120,76,0.98,True,0.0011873245239257812,2.20512056350708,800
77,MLP-AUE,0.01,0.008196721311475419,0,2,120,78,0.99,True,0.0011987686157226562,2.4530131816864014,800
78,MLP-AUE,0.925,0.9084699453551912,65,120,2,13,0.07499999999999996,True,0.0011954307556152344,2.6056535243988037,800
79,MLP-AUE,0.99,0.9836065573770492,59,139,0,2,0.010000000000000009,True,0.0012736320495605469,3.676892042160034,800
80,MLP-AUE,0.99,0.9857142857142858,68,130,0,2,0.010000000000000009,True,0.001192331314086914,2.814605474472046,800
81,MLP-AUE,0.985,0.9850713012477719,67,130,2,1,0.015000000000000013,True,0.0011920928955078125,3.313586950302124,800
82,MLP-AUE,0.985,0.985406423266032,78,119,2,1,0.015000000000000013,True,0.0011773109436035156,3.5664539337158203,800
83,MLP-AUE,1.0,1.0,80,120,0,0,0.0,True,0.0011785030364990234,3.370802164077759,800
84,MLP-AUE,0.975,0.9675824175824176,66,129,1,4,0.025000000000000022,True,0.0012035369873046875,2.847813606262207,800
85,MLP-AUE,0.99,0.9894414528560869,76,122,1,1,0.010000000000000009,True,0.0011792182922363281,3.624321460723877,800
86,MLP-AUE,0.995,0.9935064935064934,76,123,0,1,0.0050000000000000044,True,0.0011799335479736328,2.9623303413391113,800
87,MLP-AUE,0.985,0.9877049180327868,78,119,3,0,0.015000000000000013,True,0.001177072525024414,3.1924073696136475,800
88,MLP-AUE,1.0,1.0,72,128,0,0,0.0,True,0.0012695789337158203,2.9048268795013428,800
89,MLP-AUE,0.995,0.9961240310077519,71,128,1,0,0.0050000000000000044,True,0.0012009143829345703,3.481807231903076,800
90,MLP-AUE,0.995,0.9928571428571429,69,130,0,1,0.0050000000000000044,True,0.0011832714080810547,3.4341771602630615,800
91,MLP-AUE,0.98,0.9799277398635086,92,104,2,2,0.020000000000000018,True,0.0011746883392333984,3.389549970626831,800
92,MLP-AUE,0.985,0.9819277108433735,80,117,0,3,0.015000000000000013,True,0.0011844635009765625,3.2227041721343994,800
93,MLP-AUE,0.995,0.9924242424242424,65,134,0,1,0.0050000000000000044,True,0.001192331314086914,3.4683945178985596,800
94,MLP-AUE,0.995,0.9963235294117647,64,135,1,0,0.0050000000000000044,True,0.0011763572692871094,2.491381883621216,800
95,MLP-AUE,0.985,0.9826666666666667,73,124,1,2,0.015000000000000013,True,0.001180410385131836,3.10435152053833,800
96,MLP-AUE,0.995,0.9958677685950413,79,120,1,0,0.0050000000000000044,True,0.0011894702911376953,2.929863691329956,800
97,MLP-AUE,0.995,0.996031746031746,74,125,1,0,0.0050000000000000044,True,0.0011820793151855469,3.319849967956543,800
98,MLP-AUE,0.995,0.9926470588235294,67,132,0,1,0.0050000000000000044,True,0.0012547969818115234,2.7886271476745605,800
99,MLP-AUE,0.99,0.987460815047022,54,144,1,1,0.010000000000000009,True,0.001192331314086914,3.4048545360565186,800
0,MLP-DriftSurf,0.975,0.969004719004719,125,70,4,1,0.025000000000000022,True,0.00031256675720214844,0.8319153785705566,
1,MLP-DriftSurf,0.965,0.9637040232984577,123,70,3,4,0.03500000000000003,True,0.00017571449279785156,1.247087001800537,3200
2,MLP-DriftSurf,0.975,0.9696519524617997,123,72,4,1,0.025000000000000022,True,0.0001747608184814453,1.2831974029541016,3200
3,MLP-DriftSurf,0.985,0.9818681318681319,129,68,2,1,0.015000000000000013,True,0.00017523765563964844,1.216097116470337,3200
4,MLP-DriftSurf,0.98,0.9768277140539914,135,61,2,2,0.020000000000000018,True,0.00017499923706054688,1.5278732776641846,3200
5,MLP-DriftSurf,0.955,0.9469822240595288,117,74,8,1,0.04500000000000004,True,0.00017571449279785156,0.9574272632598877,3200
6,MLP-DriftSurf,0.965,0.9607303141574867,113,80,6,1,0.03500000000000003,True,0.00017380714416503906,1.5132911205291748,3200
7,MLP-DriftSurf,0.985,0.9797619047619047,139,58,2,1,0.015000000000000013,True,0.0001761913299560547,1.0595512390136719,3200
8,MLP-DriftSurf,0.725,0.6806267806267807,109,36,29,26,0.275,True,0.0001747608184814453,1.099313735961914,2400
9,MLP-DriftSurf,0.955,0.9651162790697674,120,71,0,9,0.04500000000000004,True,0.00017499923706054688,1.1624219417572021,3200
10,MLP-DriftSurf,0.985,0.9852430555555556,126,71,1,2,0.015000000000000013,True,0.0001747608184814453,1.7241263389587402,3200
11,MLP-DriftSurf,0.965,0.9582797082797083,124,69,5,2,0.03500000000000003,True,0.0001747608184814453,1.2857630252838135,2400
12,MLP-DriftSurf,0.98,0.9728860294117647,135,61,3,1,0.020000000000000018,True,0.00017547607421875,1.5516860485076904,3200
13,MLP-DriftSurf,0.98,0.9812221184770203,116,80,1,3,0.020000000000000018,True,0.00017452239990234375,1.170654058456421,3200
14,MLP-DriftSurf,0.99,0.9878048780487805,118,80,2,0,0.010000000000000009,True,0.000179290771484375,1.5432944297790527,3200
15,MLP-DriftSurf,0.99,0.9876543209876543,119,79,2,0,0.010000000000000009,True,0.00018334388732910156,1.3337297439575195,3200
16,MLP-DriftSurf,1.0,1.0,139,61,0,0,0.0,True,0.00017404556274414062,1.3091974258422852,3200
17,MLP-DriftSurf,0.985,0.9853764122056805,121,76,1,2,0.015000000000000013,True,0.00023984909057617188,1.425304889678955,3200
18,MLP-DriftSurf,0.995,0.9924242424242424,134,65,1,0,0.0050000000000000044,True,0.00017690658569335938,1.4541957378387451,3200
19,MLP-DriftSurf,0.97,0.9689954526663911,115,79,3,3,0.030000000000000027,True,0.00017833709716796875,1.335003137588501,3200
20,MLP-DriftSurf,1.0,1.0,135,65,0,0,0.0,True,0.00017452239990234375,1.3355371952056885,3200
21,MLP-DriftSurf,0.99,0.988095238095238,139,59,1,1,0.010000000000000009,True,0.00018095970153808594,1.6239862442016602,3200
22,MLP-DriftSurf,0.98,0.9696969696969697,134,62,4,0,0.020000000000000018,True,0.00017309188842773438,1.583803415298462,3200
23,MLP-DriftSurf,0.975,0.9706272817789579,129,66,3,2,0.025000000000000022,True,0.00017380714416503906,1.1225757598876953,3200
24,MLP-DriftSurf,0.975,0.9733455882352942,133,62,2,3,0.025000000000000022,True,0.00017404556274414062,1.5000083446502686,3200
25,MLP-DriftSurf,0.98,0.9746835443037974,121,75,4,0,0.020000000000000018,True,0.0001747608184814453,1.365196704864502,3200
26,MLP-DriftSurf,0.025,0.01937984496124029,0,5,124,71,0.975,True,0.0001804828643798828,1.0046305656433105,2400
27,MLP-DriftSurf,0.965,0.9664835164835166,68,125,5,2,0.03500000000000003,True,0.0001747608184814453,1.337916374206543,3200
28,MLP-DriftSurf,0.975,0.9774955436720143,67,128,4,1,0.025000000000000022,True,0.00017404556274414062,1.631418228149414,3200
29,MLP-DriftSurf,0.995,0.9933333333333334,74,125,0,1,0.0050000000000000044,True,0.00017404556274414062,1.086313009262085,2400
30,MLP-DriftSurf,0.97,0.9508196721311475,55,139,0,6,0.030000000000000027,True,0.00017595291137695312,1.2269682884216309,3200
31,MLP-DriftSurf,0.965,0.9646747587924057,78,115,4,3,0.03500000000000003,True,0.00017499923706054688,1.6170685291290283,3200
32,MLP-DriftSurf,1.0,1.0,74,126,0,0,0.0,True,0.0001742839813232422,1.5513057708740234,3200
33,MLP-DriftSurf,0.98,0.9735413839891452,63,133,1,3,0.020000000000000018,True,0.00017452239990234375,1.2475504875183105,3200
34,MLP-DriftSurf,0.98,0.974025974025974,73,123,0,4,0.020000000000000018,True,0.0001747608184814453,1.2246525287628174,3200
35,MLP-DriftSurf,0.97,0.9781021897810219,63,131,6,0,0.030000000000000027,True,0.00017547607421875,1.7641303539276123,3200
36,MLP-DriftSurf,0.98,0.9781635549732504,69,127,2,2,0.020000000000000018,True,0.00017380714416503906,0.8687739372253418,3200
37,MLP-DriftSurf,0.97,0.9578347578347578,60,134,1,5,0.030000000000000027,True,0.0001728534698486328,0.8444314002990723,3200
38,MLP-DriftSurf,0.975,0.9774997194478734,66,129,4,1,0.025000000000000022,True,0.00017690658569335938,1.5679755210876465,3200
39,MLP-DriftSurf,0.99,0.984375,62,136,0,2,0.010000000000000009,True,0.00023245811462402344,1.0099940299987793,3200
40,MLP-DriftSurf,0.69,0.643543448421497,34,104,19,43,0.31000000000000005,True,0.00017333030700683594,1.0952842235565186,2400
41,MLP-DriftSurf,0.98,0.9789827658680118,76,120,2,2,0.020000000000000018,True,0.0001761913299560547,1.590545654296875,3200
42,MLP-DriftSurf,0.99,0.9896254798215582,80,118,1,1,0.010000000000000009,True,0.00017595291137695312,1.1441140174865723,3200
43,MLP-DriftSurf,0.985,0.9822048611111112,70,127,1,2,0.015000000000000013,True,0.0001742839813232422,1.451805830001831,2400
44,MLP-DriftSurf,0.99,0.9894414528560869,76,122,1,1,0.010000000000000009,True,0.0001747608184814453,1.6056995391845703,3200
45,MLP-DriftSurf,0.975,0.9765537585189705,86,109,4,1,0.025000000000000022,True,0.0001735687255859375,0.9227762222290039,3200
46,MLP-DriftSurf,0.975,0.97,48,147,3,2,0.025000000000000022,True,0.00017380714416503906,1.6037185192108154,3200
47,MLP-DriftSurf,0.97,0.9637362637362638,66,128,2,4,0.030000000000000027,True,0.00017404556274414062,1.3660640716552734,3200
48,MLP-DriftSurf,0.975,0.9774538705098809,70,125,4,1,0.025000000000000022,True,0.00017309188842773438,1.277907133102417,3200
49,MLP-DriftSurf,0.965,0.9513888888888888,65,128,0,7,0.03500000000000003,True,0.00017952919006347656,1.6446120738983154,3200
50,MLP-DriftSurf,0.975,0.9725725094577553,75,120,2,3,0.025000000000000022,True,0.00017881393432617188,0.9986541271209717,3200
51,MLP-DriftSurf,0.295,0.32441091360066143,19,40,42,99,0.7050000000000001,True,0.00018095970153808594,0.9362902641296387,2400
52,MLP-DriftSurf,0.71,0.6490275893260968,111,31,35,23,0.29000000000000004,True,0.00017595291137695312,1.382915735244751,3200
53,MLP-DriftSurf,0.97,0.9626666666666667,124,70,5,1,0.030000000000000027,True,0.00017404556274414062,1.625166416168213,3200
54,MLP-DriftSurf,0.975,0.9715780390464891,125,70,3,2,0.025000000000000022,True,0.00017786026000976562,1.090247631072998,2400
55,MLP-DriftSurf,0.745,0.7001941538129652,110,39,34,17,0.255,True,0.00017404556274414062,0.8733360767364502,2400
56,MLP-DriftSurf,0.965,0.962108262108262,131,62,3,4,0.03500000000000003,True,0.0001742839813232422,1.4416077136993408,3200
57,MLP-DriftSurf,0.965,0.9594023862316545,121,72,5,2,0.03500000000000003,True,0.00017952919006347656,1.36667799949646,3200
58,MLP-DriftSurf,1.0,1.0,138,62,0,0,0.0,True,0.00017595291137695312,0.7751259803771973,2400
59,MLP-DriftSurf,0.985,0.9805194805194805,123,74,3,0,0.015000000000000013,True,0.00017595291137695312,1.5118317604064941,3200
60,MLP-DriftSurf,0.985,0.9834526403153855,118,79,2,1,0.015000000000000013,True,0.0001742839813232422,1.3606204986572266,3200
61,MLP-DriftSurf,0.96,0.9590017825311944,127,65,3,5,0.040000000000000036,True,0.0001761913299560547,1.1267955303192139,3200
62,MLP-DriftSurf,0.98,0.9728860294117647,135,61,3,1,0.020000000000000018,True,0.00017404556274414062,0.9153172969818115,3200
63,MLP-DriftSurf,0.81,0.7893333333333332,109,53,22,16,0.18999999999999995,True,0.0002028942108154297,1.4594228267669678,2400
64,MLP-DriftSurf,0.98,0.9848484848484849,128,68,0,4,0.020000000000000018,True,0.0001780986785888672,1.6943011283874512,3200
65,MLP-DriftSurf,0.985,0.9818681318681319,129,68,2,1,0.015000000000000013,True,0.00017499923706054688,1.7906084060668945,3200
66,MLP-DriftSurf,0.965,0.9641341256366723,120,73,3,4,0.03500000000000003,True,0.00017952919006347656,1.1635887622833252,2400
67,MLP-DriftSurf,0.96,0.9481177866465323,126,66,7,1,0.040000000000000036,True,0.00017690658569335938,1.4977571964263916,3200
68,MLP-DriftSurf,0.98,0.9706168042739194,141,55,3,1,0.020000000000000018,True,0.00017547607421875,0.9706771373748779,3200
69,MLP-DriftSurf,0.74,0.6912087912087912,111,37,33,19,0.26,True,0.00017404556274414062,0.840766191482544,2400
70,MLP-DriftSurf,0.97,0.9644097222222222,126,68,4,2,0.030000000000000027,True,0.0001804828643798828,1.2615015506744385,3200
71,MLP-DriftSurf,0.72,0.6758241758241759,107,37,33,23,0.28,True,0.0001747608184814453,0.8335778713226318,3200
72,MLP-DriftSurf,0.98,0.9790773093419814,119,77,2,2,0.020000000000000018,True,0.0001723766326904297,0.9274759292602539,2400
73,MLP-DriftSurf,0.985,0.9853764122056805,121,76,1,2,0.015000000000000013,True,0.00017714500427246094,1.2178707122802734,3200
74,MLP-DriftSurf,0.99,0.9866666666666667,125,73,2,0,0.010000000000000009,True,0.00017714500427246094,1.0079655647277832,3200
75,MLP-DriftSurf,0.955,0.9492433795712484,119,72,6,3,0.04500000000000004,True,0.00017690658569335938,1.500770092010498,3200
76,MLP-DriftSurf,0.035,0.04059761376834546,5,2,121,72,0.965,True,0.00017333030700683594,1.3653976917266846,2400
77,MLP-DriftSurf,0.985,0.9877049180327868,78,119,3,0,0.015000000000000013,True,0.0001747608184814453,1.2763168811798096,3200
78,MLP-DriftSurf,0.785,0.7266708701134932,36,121,1,42,0.21499999999999997,True,0.00017404556274414062,1.1337192058563232,3200
79,MLP-DriftSurf,0.98,0.9810119117820498,60,136,3,1,0.020000000000000018,True,0.0001747608184814453,0.9931097030639648,2400
80,MLP-DriftSurf,0.995,0.9961538461538462,70,129,1,0,0.0050000000000000044,True,0.00017595291137695312,1.5629284381866455,3200
81,MLP-DriftSurf,0.97,0.9701426024955437,66,128,4,2,0.030000000000000027,True,0.0001766681671142578,1.1359336376190186,3200
82,MLP-DriftSurf,0.97,0.970812846532064,77,117,4,2,0.030000000000000027,True,0.00017547607421875,1.2547485828399658,3200
83,MLP-DriftSurf,0.985,0.9833333333333334,78,119,1,2,0.015000000000000013,True,0.00017523765563964844,1.458137035369873,3200
84,MLP-DriftSurf,0.97,0.9637362637362638,66,128,2,4,0.030000000000000027,True,0.0002067089080810547,1.711534023284912,3200
85,MLP-DriftSurf,0.99,0.9894414528560869,76,122,1,1,0.010000000000000009,True,0.00017595291137695312,1.4004197120666504,3200
86,MLP-DriftSurf,1.0,1.0,77,123,0,0,0.0,True,0.00017523765563964844,1.2819056510925293,3200
87,MLP-DriftSurf,0.97,0.9684741488020177,75,119,3,3,0.030000000000000027,True,0.0001914501190185547,1.9040043354034424,3200
88,MLP-DriftSurf,1.0,1.0,72,128,0,0,0.0,True,0.00017380714416503906,1.451267957687378,3200
89,MLP-DriftSurf,0.98,0.9813298395021289,70,126,3,1,0.020000000000000018,True,0.00017547607421875,1.8188989162445068,3200
90,MLP-DriftSurf,0.99,0.989010989010989,69,129,1,1,0.010000000000000009,True,0.00017547607421875,1.6876540184020996,3200
91,MLP-DriftSurf,0.975,0.9740064231232438,90,105,1,4,0.025000000000000022,True,0.0001747608184814453,1.7729589939117432,3200
92,MLP-DriftSurf,0.98,0.9759036144578312,79,117,0,4,0.020000000000000018,True,0.0001819133758544922,1.6107068061828613,3200
93,MLP-DriftSurf,0.98,0.9773857982813207,64,132,2,2,0.020000000000000018,True,0.0001785755157470703,1.210594654083252,3200
94,MLP-DriftSurf,0.975,0.9692095588235294,61,134,2,3,0.025000000000000022,True,0.00017452239990234375,1.1203773021697998,3200
95,MLP-DriftSurf,0.945,0.9426666666666667,70,119,6,5,0.05500000000000005,True,0.00017499923706054688,0.9946675300598145,3200
96,MLP-DriftSurf,0.975,0.9793388429752067,79,116,5,0,0.025000000000000022,True,0.00017309188842773438,1.1053829193115234,3200
97,MLP-DriftSurf,0.985,0.988095238095238,74,123,3,0,0.015000000000000013,True,0.00017571449279785156,1.063258171081543,3200
98,MLP-DriftSurf,0.975,0.9703654188948307,65,130,2,3,0.025000000000000022,True,0.00017404556274414062,1.5610275268554688,3200
99,MLP-DriftSurf,0.97,0.9510971786833856,50,144,1,5,0.030000000000000027,True,0.00017404556274414062,1.424795150756836,3200
